{"$schema":"http://schema.management.azure.com/schemas/2015-01-01/deploymentTemplate.json#","contentVersion":"1.0.0.0","parameters":{"factoryName":{"type":"string","metadata":"Data Factory name"},"AzureSQLDB_ConfigAudit":{"type":"string"},"AzureDataLakeStorage":{"type":"string"},"AzureSynapseDB_AEDW":{"type":"string"}},"variables":{"factoryId":"[concat('Microsoft.DataFactory/factories/', parameters('factoryName'))]"},"resources":[{"name":"[concat(parameters('factoryName'), '/Workday04_Curated_to_Stage')]","type":"Microsoft.DataFactory/factories/pipelines","apiVersion":"2018-06-01","properties":{"activities":[{"name":"Iterate Files","type":"ForEach","dependsOn":[{"activity":"Get Valid File Name","dependencyConditions":["Succeeded"]}],"userProperties":[],"typeProperties":{"items":{"value":"@activity('Get Valid File Name').output.value","type":"Expression"},"isSequential":true,"activities":[{"name":"Update file processed status","type":"SqlServerStoredProcedure","dependsOn":[{"activity":"Copy File from Curated to Stage","dependencyConditions":["Succeeded"]}],"policy":{"timeout":"7.00:00:00","retry":0,"retryIntervalInSeconds":30,"secureOutput":false,"secureInput":false},"userProperties":[],"typeProperties":{"storedProcedureName":"[[audit].[s_update_file_status]","storedProcedureParameters":{"curated_count":{"value":{"value":"@activity('Copy File from Curated to Stage').output.rowsRead","type":"Expression"},"type":"Int32"},"error_message":{"value":"","type":"String"},"file_name":{"value":{"value":"@item().file_name","type":"Expression"},"type":"String"},"inner_pipeline_name":{"value":{"value":"@pipeline().Pipeline","type":"Expression"},"type":"String"},"is_valid":{"value":"","type":"String"},"job_id":{"value":{"value":"@pipeline().parameters.job_id","type":"Expression"},"type":"Int32"},"run_id":{"value":{"value":"@pipeline().parameters.master_pipeline_run_id","type":"Expression"},"type":"String"},"source_system_id":{"value":{"value":"@pipeline().parameters.source_system_id","type":"Expression"},"type":"Int32"},"stage_count":{"value":{"value":"@activity('Copy File from Curated to Stage').output.rowsCopied","type":"Expression"},"type":"Int32"},"status":{"value":{"value":"@activity('Copy File from Curated to Stage').output.executionDetails[0].status","type":"Expression"},"type":"String"},"update_datetime":{"value":{"value":"@utcnow()","type":"Expression"},"type":"DateTime"},"file_path":{"value":"","type":"String"}}},"linkedServiceName":{"referenceName":"[parameters('AzureSQLDB_ConfigAudit')]","type":"LinkedServiceReference"}},{"name":"Capture Error in Table","type":"SqlServerStoredProcedure","dependsOn":[{"activity":"Copy File from Curated to Stage","dependencyConditions":["Failed"]}],"policy":{"timeout":"7.00:00:00","retry":0,"retryIntervalInSeconds":30,"secureOutput":false,"secureInput":false},"userProperties":[],"typeProperties":{"storedProcedureName":"[[exception].[s_load_job_error]","storedProcedureParameters":{"error_message":{"value":{"value":"@activity('Copy File from Curated to Stage').error.message","type":"Expression"},"type":"String"},"execution_status":{"value":{"value":"@activity('Copy File from Curated to Stage').output.executionDetails[0].status","type":"Expression"},"type":"String"},"file_name":{"value":{"value":"@item().file_name","type":"Expression"},"type":"String"},"file_path":{"value":{"value":"@item().file_path","type":"Expression"},"type":"String"},"inner_pipeline_name":{"value":{"value":"@pipeline().Pipeline","type":"Expression"},"type":"String"},"job_id":{"value":{"value":"@pipeline().parameters.job_id","type":"Expression"},"type":"Int32"},"pipeline_name":{"value":{"value":"@pipeline().parameters.master_pipeline_name","type":"Expression"},"type":"String"},"run_id":{"value":{"value":"@pipeline().parameters.master_pipeline_run_id","type":"Expression"},"type":"String"},"source_system_id":{"value":{"value":"@pipeline().parameters.source_system_id","type":"Expression"},"type":"Int32"},"sp_name":{"value":"","type":"String"},"update_datetime":{"value":{"value":"@utcnow()","type":"Expression"},"type":"DateTime"}}},"linkedServiceName":{"referenceName":"[parameters('AzureSQLDB_ConfigAudit')]","type":"LinkedServiceReference"}},{"name":"Copy File from Curated to Stage","type":"Copy","dependsOn":[],"policy":{"timeout":"7.00:00:00","retry":0,"retryIntervalInSeconds":30,"secureOutput":false,"secureInput":false},"userProperties":[],"typeProperties":{"source":{"type":"DelimitedTextSource","storeSettings":{"type":"AzureBlobFSReadSettings","recursive":true,"enablePartitionDiscovery":false},"formatSettings":{"type":"DelimitedTextReadSettings"}},"sink":{"type":"SqlDWSink","preCopyScript":{"value":"@{concat('truncate table stage.',item().stage_table_name)}","type":"Expression"},"disableMetricsCollection":false},"enableStaging":false,"translator":{"value":"@json(concat(item().stage_json_mapping,item().stage_json_mapping1))","type":"Expression"}},"inputs":[{"referenceName":"ADLS_Param_1","type":"DatasetReference","parameters":{"file_directory":{"value":"@item().raw_curated_path","type":"Expression"},"file_name":{"value":"@item().file_name","type":"Expression"},"container":"curated","file_path":{"value":"/@{formatDateTime(utcnow(),'yyyy')}/@{formatDateTime(utcnow(),'yyyy')}@{formatDateTime(utcnow(),'MM')}@{formatDateTime(utcnow(),'dd')}","type":"Expression"}}}],"outputs":[{"referenceName":"Synapse_Param","type":"DatasetReference","parameters":{"table_name":{"value":"@item().stage_table_name","type":"Expression"},"schema_name":"stage"}}]}]}},{"name":"Job Started","type":"SqlServerStoredProcedure","dependsOn":[],"policy":{"timeout":"7.00:00:00","retry":0,"retryIntervalInSeconds":30,"secureOutput":false,"secureInput":false},"userProperties":[],"typeProperties":{"storedProcedureName":"[[audit].[s_insert_job_details]","storedProcedureParameters":{"execution_status":{"value":"Started","type":"String"},"inner_pipeline_name":{"value":{"value":"@pipeline().Pipeline","type":"Expression"},"type":"String"},"job_id":{"value":{"value":"@pipeline().parameters.job_id","type":"Expression"},"type":"Int32"},"pipeline_name":{"value":{"value":"@pipeline().parameters.master_pipeline_name","type":"Expression"},"type":"String"},"run_id":{"value":{"value":"@pipeline().parameters.master_pipeline_run_id","type":"Expression"},"type":"String"},"trigger_time":{"value":{"value":"@pipeline().TriggerTime","type":"Expression"},"type":"String"}}},"linkedServiceName":{"referenceName":"[parameters('AzureSQLDB_ConfigAudit')]","type":"LinkedServiceReference"}},{"name":"Success","type":"SqlServerStoredProcedure","dependsOn":[{"activity":"Iterate Files","dependencyConditions":["Succeeded"]}],"policy":{"timeout":"7.00:00:00","retry":0,"retryIntervalInSeconds":30,"secureOutput":false,"secureInput":false},"userProperties":[],"typeProperties":{"storedProcedureName":"[[audit].[s_update_job_details]","storedProcedureParameters":{"execution_status":{"value":"Succeeded","type":"String"},"inner_pipeline_name":{"value":{"value":"@pipeline().Pipeline","type":"Expression"},"type":"String"},"job_id":{"value":{"value":"@pipeline().parameters.job_id","type":"Expression"},"type":"Int32"},"pipeline_name":{"value":{"value":"@pipeline().parameters.master_pipeline_name","type":"Expression"},"type":"String"},"run_id":{"value":{"value":"@pipeline().parameters.master_pipeline_run_id","type":"Expression"},"type":"String"}}},"linkedServiceName":{"referenceName":"[parameters('AzureSQLDB_ConfigAudit')]","type":"LinkedServiceReference"}},{"name":"Get Valid File Name","type":"Lookup","dependsOn":[{"activity":"Job Started","dependencyConditions":["Succeeded"]}],"policy":{"timeout":"7.00:00:00","retry":0,"retryIntervalInSeconds":30,"secureOutput":false,"secureInput":false},"userProperties":[],"typeProperties":{"source":{"type":"AzureSqlSource","sqlReaderQuery":{"value":"SELECT PS.file_name,PS.file_path,FR.raw_curated_path,FR.stage_schema_name, FR.stage_table_name, FR.stage_json_mapping, \nIsnull(FR.stage_json_mapping1,'') as stage_json_mapping1\nFROM [metadata].[t_file_table_register] FR LEFT JOIN\n(SELECT file_name,SUBSTRING(file_name,18,PATINDEX('%-%',SUBSTRING(file_name,18,LEN(file_name)))-1) as title_file_name,file_path FROM [audit].[t_file_logs] WHERE\nrun_id = '@{pipeline().parameters.master_pipeline_run_id}' and curated_status='Succeeded' ) PS  ON \nPS.title_file_name = FR.source_file_name \nWHERE active_flag = 1 \nand FR.source_file_name <>''\nand load_type = 'S'\nand PS.file_name IS NOT NULL","type":"Expression"},"queryTimeout":"02:00:00","partitionOption":"None"},"dataset":{"referenceName":"SQL_DB","type":"DatasetReference","parameters":{}},"firstRowOnly":false}}],"policy":{"elapsedTimeMetric":{},"cancelAfter":{}},"parameters":{"master_pipeline_run_id":{"type":"string","defaultValue":"c7cf1a2f-c81d-42db-bce0-0aa7c59c069fbc"},"master_pipeline_name":{"type":"string","defaultValue":"Workday00_Master_Pipeline"},"job_id":{"type":"string","defaultValue":"1"},"source_system_id":{"type":"string","defaultValue":"1"}},"variables":{"error_message":{"type":"String"}},"folder":{"name":"Workday"},"annotations":[],"lastPublishTime":"2022-05-18T09:50:04Z"},"dependsOn":["[concat(variables('factoryId'), '/datasets/SQL_DB')]","[concat(variables('factoryId'), '/datasets/ADLS_Param_1')]","[concat(variables('factoryId'), '/datasets/Synapse_Param')]"]},{"name":"[concat(parameters('factoryName'), '/SQL_DB')]","type":"Microsoft.DataFactory/factories/datasets","apiVersion":"2018-06-01","properties":{"linkedServiceName":{"referenceName":"[parameters('AzureSQLDB_ConfigAudit')]","type":"LinkedServiceReference"},"folder":{"name":"SQL-AuditConfig"},"annotations":[],"type":"AzureSqlTable","schema":[],"typeProperties":{}},"dependsOn":[]},{"name":"[concat(parameters('factoryName'), '/ADLS_Param_1')]","type":"Microsoft.DataFactory/factories/datasets","apiVersion":"2018-06-01","properties":{"linkedServiceName":{"referenceName":"[parameters('AzureDataLakeStorage')]","type":"LinkedServiceReference"},"parameters":{"file_directory":{"type":"string"},"file_name":{"type":"string"},"container":{"type":"string"},"file_path":{"type":"string"}},"folder":{"name":"ADLS"},"annotations":[],"type":"DelimitedText","typeProperties":{"location":{"type":"AzureBlobFSLocation","fileName":{"value":"@dataset().file_name","type":"Expression"},"folderPath":{"value":"@concat(dataset().file_directory,dataset().file_path)","type":"Expression"},"fileSystem":{"value":"@dataset().container","type":"Expression"}},"columnDelimiter":",","escapeChar":"\\","firstRowAsHeader":true,"quoteChar":"\""},"schema":[]},"dependsOn":[]},{"name":"[concat(parameters('factoryName'), '/Synapse_Param')]","type":"Microsoft.DataFactory/factories/datasets","apiVersion":"2018-06-01","properties":{"linkedServiceName":{"referenceName":"[parameters('AzureSynapseDB_AEDW')]","type":"LinkedServiceReference"},"parameters":{"table_name":{"type":"string"},"schema_name":{"type":"string"}},"folder":{"name":"SYN-AEDW"},"annotations":[],"type":"AzureSqlDWTable","schema":[],"typeProperties":{"schema":{"value":"@dataset().schema_name","type":"Expression"},"table":{"value":"@dataset().table_name","type":"Expression"}}},"dependsOn":[]}]}