{"$schema":"http://schema.management.azure.com/schemas/2015-01-01/deploymentTemplate.json#","contentVersion":"1.0.0.0","parameters":{"factoryName":{"type":"string","metadata":"Data Factory name"},"AzureSQLDB_ConfigAudit":{"type":"string"},"AzureBlobStorage":{"type":"string"},"AzureDataLakeStorage":{"type":"string"}},"variables":{"factoryId":"[concat('Microsoft.DataFactory/factories/', parameters('factoryName'))]"},"resources":[{"name":"[concat(parameters('factoryName'), '/Workday02_Landing_to_Raw')]","type":"Microsoft.DataFactory/factories/pipelines","apiVersion":"2018-06-01","properties":{"activities":[{"name":"Job Started","type":"SqlServerStoredProcedure","dependsOn":[],"policy":{"timeout":"7.00:00:00","retry":0,"retryIntervalInSeconds":30,"secureOutput":false,"secureInput":false},"userProperties":[],"typeProperties":{"storedProcedureName":"[[audit].[s_insert_job_details]","storedProcedureParameters":{"execution_status":{"value":"Started","type":"String"},"inner_pipeline_name":{"value":{"value":"@pipeline().Pipeline","type":"Expression"},"type":"String"},"job_id":{"value":{"value":"@pipeline().parameters.job_id","type":"Expression"},"type":"Int32"},"pipeline_name":{"value":{"value":"@pipeline().parameters.master_pipeline_name","type":"Expression"},"type":"String"},"run_id":{"value":{"value":"@pipeline().parameters.master_pipeline_run_id","type":"Expression"},"type":"String"},"trigger_time":{"value":{"value":"@pipeline().TriggerTime","type":"Expression"},"type":"String"}}},"linkedServiceName":{"referenceName":"[parameters('AzureSQLDB_ConfigAudit')]","type":"LinkedServiceReference"}},{"name":"update valid flag","type":"SqlServerStoredProcedure","dependsOn":[{"activity":"Job Started","dependencyConditions":["Succeeded"]}],"policy":{"timeout":"7.00:00:00","retry":0,"retryIntervalInSeconds":30,"secureOutput":false,"secureInput":false},"userProperties":[],"typeProperties":{"storedProcedureName":"[[audit].[s_update_valid_file]","storedProcedureParameters":{"job_id":{"value":{"value":"@pipeline().parameters.job_id","type":"Expression"},"type":"Int32"},"run_id":{"value":{"value":"@pipeline().parameters.master_pipeline_run_id","type":"Expression"},"type":"String"},"source_system_id":{"value":{"value":"@pipeline().parameters.source_system_id","type":"Expression"},"type":"Int32"}}},"linkedServiceName":{"referenceName":"[parameters('AzureSQLDB_ConfigAudit')]","type":"LinkedServiceReference"}},{"name":"Get List of Valid Files","type":"Lookup","dependsOn":[{"activity":"update valid flag","dependencyConditions":["Succeeded"]}],"policy":{"timeout":"7.00:00:00","retry":0,"retryIntervalInSeconds":30,"secureOutput":false,"secureInput":false},"userProperties":[],"typeProperties":{"source":{"type":"AzureSqlSource","sqlReaderQuery":{"value":"SELECT   FL.file_name,FL.file_path,FR.landing_path,FR.raw_curated_path,FL.is_valid FROM [audit].[t_file_logs] FL Inner Join [metadata].[t_file_table_register] FR on FL.file_name like concat('%',FR.source_file_name,'%') where FR.active_flag = 1 and FL.is_valid = 'Y' and load_type = 'S' and FL.landing_status = 'Succeeded' and FR.source_file_name <>'' and  FL.run_id = '@{pipeline().parameters.master_pipeline_run_id}'","type":"Expression"},"queryTimeout":"02:00:00","partitionOption":"None"},"dataset":{"referenceName":"SQL_DB","type":"DatasetReference","parameters":{}},"firstRowOnly":false}},{"name":"Iterate Files","type":"ForEach","dependsOn":[{"activity":"Get List of Valid Files","dependencyConditions":["Succeeded"]}],"userProperties":[],"typeProperties":{"items":{"value":"@activity('Get List of Valid Files').output.value","type":"Expression"},"isSequential":true,"activities":[{"name":"Copy File from landing to raw","type":"Copy","dependsOn":[],"policy":{"timeout":"7.00:00:00","retry":0,"retryIntervalInSeconds":30,"secureOutput":false,"secureInput":false},"userProperties":[],"typeProperties":{"source":{"type":"BinarySource","storeSettings":{"type":"AzureBlobStorageReadSettings","recursive":true},"formatSettings":{"type":"BinaryReadSettings"}},"sink":{"type":"BinarySink","storeSettings":{"type":"AzureBlobFSWriteSettings"}},"enableStaging":false},"inputs":[{"referenceName":"Workday_Blob_Param1","type":"DatasetReference","parameters":{"container":"workday","file_directory":{"value":"/@{formatDateTime(utcnow(),'yyyy')}/@{formatDateTime(utcnow(),'yyyy')}@{formatDateTime(utcnow(),'MM')}@{formatDateTime(utcnow(),'dd')}","type":"Expression"},"file_name":{"value":"@item().file_name","type":"Expression"}}}],"outputs":[{"referenceName":"ADLS_Param_2","type":"DatasetReference","parameters":{"file_directory":{"value":"@item().raw_curated_path","type":"Expression"},"file_name":{"value":"@item().file_name","type":"Expression"},"file_path":{"value":"/@{formatDateTime(utcnow(),'yyyy')}/@{formatDateTime(utcnow(),'yyyy')}@{formatDateTime(utcnow(),'MM')}@{formatDateTime(utcnow(),'dd')}","type":"Expression"},"container":"raw"}}]},{"name":"Capture Error","type":"SqlServerStoredProcedure","dependsOn":[{"activity":"Copy File from landing to raw","dependencyConditions":["Failed"]}],"policy":{"timeout":"7.00:00:00","retry":0,"retryIntervalInSeconds":30,"secureOutput":false,"secureInput":false},"userProperties":[],"typeProperties":{"storedProcedureName":"[[exception].[s_load_job_error]","storedProcedureParameters":{"error_message":{"value":{"value":"@activity('Copy File from landing to raw').error.message","type":"Expression"},"type":"String"},"execution_status":{"value":{"value":"@activity('Copy File from landing to raw').output.executionDetails[0].status","type":"Expression"},"type":"String"},"file_name":{"value":{"value":"@item().file_name","type":"Expression"},"type":"String"},"file_path":{"value":{"value":"@item().file_path","type":"Expression"},"type":"String"},"inner_pipeline_name":{"value":{"value":"@pipeline().Pipeline","type":"Expression"},"type":"String"},"job_id":{"value":{"value":"@pipeline().parameters.job_id","type":"Expression"},"type":"Int32"},"pipeline_name":{"value":{"value":"@pipeline().parameters.master_pipeline_name","type":"Expression"},"type":"String"},"run_id":{"value":{"value":"@pipeline().parameters.master_pipeline_run_id","type":"Expression"},"type":"String"},"source_system_id":{"value":{"value":"@pipeline().parameters.source_system_id","type":"Expression"},"type":"Int32"},"sp_name":{"value":"","type":"String"},"update_datetime":{"value":{"value":"@utcnow()","type":"Expression"},"type":"Datetime"}}},"linkedServiceName":{"referenceName":"[parameters('AzureSQLDB_ConfigAudit')]","type":"LinkedServiceReference"}},{"name":"Update file processed status","type":"SqlServerStoredProcedure","dependsOn":[{"activity":"Copy File from landing to raw","dependencyConditions":["Succeeded"]}],"policy":{"timeout":"7.00:00:00","retry":0,"retryIntervalInSeconds":30,"secureOutput":false,"secureInput":false},"userProperties":[],"typeProperties":{"storedProcedureName":"[[audit].[s_update_file_status]","storedProcedureParameters":{"file_name":{"value":{"value":"@item().file_name","type":"Expression"},"type":"String"},"inner_pipeline_name":{"value":{"value":"@pipeline().Pipeline","type":"Expression"},"type":"String"},"is_valid":{"value":{"value":"@item().is_valid","type":"Expression"},"type":"String"},"job_id":{"value":{"value":"@pipeline().parameters.job_id","type":"Expression"},"type":"Int32"},"run_id":{"value":{"value":"@pipeline().parameters.master_pipeline_run_id","type":"Expression"},"type":"String"},"source_system_id":{"value":{"value":"@pipeline().parameters.source_system_id","type":"Expression"},"type":"Int32"},"status":{"value":{"value":"@activity('Copy File from landing to raw').output.executionDetails[0].status","type":"Expression"},"type":"String"},"update_datetime":{"value":{"value":"@utcnow()","type":"Expression"},"type":"DateTime"},"error_message":{"value":"","type":"String"},"stage_count":{"value":"0","type":"Int32"},"curated_count":{"value":"0","type":"Int32"},"file_path":{"value":"","type":"String"}}},"linkedServiceName":{"referenceName":"[parameters('AzureSQLDB_ConfigAudit')]","type":"LinkedServiceReference"}}]}},{"name":"Get List of  Invalid Files","type":"Lookup","dependsOn":[{"activity":"update valid flag","dependencyConditions":["Succeeded"]}],"policy":{"timeout":"7.00:00:00","retry":0,"retryIntervalInSeconds":30,"secureOutput":false,"secureInput":false},"userProperties":[],"typeProperties":{"source":{"type":"AzureSqlSource","sqlReaderQuery":{"value":"Select file_name,file_path,is_valid from [audit].[t_file_logs] where is_valid = 'N' and landing_status = 'Succeeded' and run_id = '@{pipeline().parameters.master_pipeline_run_id}'","type":"Expression"},"queryTimeout":"02:00:00","partitionOption":"None"},"dataset":{"referenceName":"SQL_DB","type":"DatasetReference","parameters":{}},"firstRowOnly":false}},{"name":"Iterates Invalid Files","type":"ForEach","dependsOn":[{"activity":"Get List of  Invalid Files","dependencyConditions":["Succeeded"]}],"userProperties":[],"typeProperties":{"items":{"value":"@activity('Get List of  Invalid Files').output.value","type":"Expression"},"isSequential":true,"activities":[{"name":"Copy File from landing to exception","type":"Copy","dependsOn":[],"policy":{"timeout":"7.00:00:00","retry":0,"retryIntervalInSeconds":30,"secureOutput":false,"secureInput":false},"userProperties":[],"typeProperties":{"source":{"type":"BinarySource","storeSettings":{"type":"AzureBlobStorageReadSettings","recursive":true,"deleteFilesAfterCompletion":true},"formatSettings":{"type":"BinaryReadSettings"}},"sink":{"type":"BinarySink","storeSettings":{"type":"AzureBlobStorageWriteSettings"}},"enableStaging":false},"inputs":[{"referenceName":"Workday_Blob_Param1","type":"DatasetReference","parameters":{"container":"workday","file_directory":{"value":"/@{formatDateTime(utcnow(),'yyyy')}/@{formatDateTime(utcnow(),'yyyy')}@{formatDateTime(utcnow(),'MM')}@{formatDateTime(utcnow(),'dd')}","type":"Expression"},"file_name":{"value":"@item().file_name","type":"Expression"}}}],"outputs":[{"referenceName":"Workday_Blob_Param1","type":"DatasetReference","parameters":{"container":"exception","file_directory":{"value":"workday/@{formatDateTime(utcnow(),'yyyy')}/@{formatDateTime(utcnow(),'yyyy')}@{formatDateTime(utcnow(),'MM')}@{formatDateTime(utcnow(),'dd')}","type":"Expression"},"file_name":{"value":"@item().file_name","type":"Expression"}}}]},{"name":"Update invalid file processed status","type":"SqlServerStoredProcedure","dependsOn":[{"activity":"Copy File from landing to exception","dependencyConditions":["Succeeded"]}],"policy":{"timeout":"7.00:00:00","retry":0,"retryIntervalInSeconds":30,"secureOutput":false,"secureInput":false},"userProperties":[],"typeProperties":{"storedProcedureName":"[[audit].[s_update_file_status]","storedProcedureParameters":{"curated_count":{"value":null,"type":"Int32"},"error_message":{"value":"","type":"String"},"file_name":{"value":{"value":"@item().file_name","type":"Expression"},"type":"String"},"inner_pipeline_name":{"value":{"value":"@pipeline().Pipeline","type":"Expression"},"type":"String"},"is_valid":{"value":{"value":"@item().is_valid","type":"Expression"},"type":"String"},"job_id":{"value":{"value":"@pipeline().parameters.job_id","type":"Expression"},"type":"Int32"},"run_id":{"value":{"value":"@pipeline().parameters.master_pipeline_run_id","type":"Expression"},"type":"String"},"source_system_id":{"value":{"value":"@pipeline().parameters.source_system_id","type":"Expression"},"type":"Int32"},"stage_count":{"value":null,"type":"Int32"},"status":{"value":{"value":"@activity('Copy File from landing to exception').output.executionDetails[0].status","type":"Expression"},"type":"String"},"update_datetime":{"value":{"value":"@utcnow()","type":"Expression"},"type":"DateTime"},"file_path":{"value":"","type":"String"}}},"linkedServiceName":{"referenceName":"[parameters('AzureSQLDB_ConfigAudit')]","type":"LinkedServiceReference"}},{"name":"Capture Error for Invalid Files","type":"SqlServerStoredProcedure","dependsOn":[{"activity":"Copy File from landing to exception","dependencyConditions":["Failed"]}],"policy":{"timeout":"7.00:00:00","retry":0,"retryIntervalInSeconds":30,"secureOutput":false,"secureInput":false},"userProperties":[],"typeProperties":{"storedProcedureName":"[[exception].[s_load_job_error]","storedProcedureParameters":{"error_message":{"value":{"value":"@activity('Copy File from landing to exception').error.message","type":"Expression"},"type":"String"},"execution_status":{"value":{"value":"@activity('Copy File from landing to exception').output.executionDetails[0].status","type":"Expression"},"type":"String"},"file_name":{"value":{"value":"@item().file_name","type":"Expression"},"type":"String"},"file_path":{"value":{"value":"@item().file_path","type":"Expression"},"type":"String"},"inner_pipeline_name":{"value":{"value":"@pipeline().Pipeline","type":"Expression"},"type":"String"},"job_id":{"value":{"value":"@pipeline().parameters.job_id","type":"Expression"},"type":"Int32"},"pipeline_name":{"value":{"value":"@pipeline().parameters.master_pipeline_name","type":"Expression"},"type":"String"},"run_id":{"value":{"value":"@pipeline().parameters.master_pipeline_run_id","type":"Expression"},"type":"String"},"source_system_id":{"value":{"value":"@pipeline().parameters.source_system_id","type":"Expression"},"type":"Int32"},"sp_name":{"value":"","type":"String"},"update_datetime":{"value":{"value":"@utcnow()","type":"Expression"},"type":"Datetime"}}},"linkedServiceName":{"referenceName":"[parameters('AzureSQLDB_ConfigAudit')]","type":"LinkedServiceReference"}}]}},{"name":"Success- ValidFiles","type":"SqlServerStoredProcedure","dependsOn":[{"activity":"Iterate Files","dependencyConditions":["Succeeded"]},{"activity":"Iterates Invalid Files","dependencyConditions":["Succeeded"]}],"policy":{"timeout":"7.00:00:00","retry":0,"retryIntervalInSeconds":30,"secureOutput":false,"secureInput":false},"userProperties":[],"typeProperties":{"storedProcedureName":"[[audit].[s_update_job_details]","storedProcedureParameters":{"execution_status":{"value":"Succeeded","type":"String"},"inner_pipeline_name":{"value":{"value":"@pipeline().Pipeline","type":"Expression"},"type":"String"},"job_id":{"value":{"value":"@pipeline().parameters.job_id","type":"Expression"},"type":"Int32"},"pipeline_name":{"value":{"value":"@pipeline().parameters.master_pipeline_name","type":"Expression"},"type":"String"},"run_id":{"value":{"value":"@pipeline().parameters.master_pipeline_run_id","type":"Expression"},"type":"String"}}},"linkedServiceName":{"referenceName":"[parameters('AzureSQLDB_ConfigAudit')]","type":"LinkedServiceReference"}}],"policy":{"elapsedTimeMetric":{},"cancelAfter":{}},"parameters":{"master_pipeline_run_id":{"type":"string","defaultValue":"c7cf1a2f-c81d-42db-bce0-0aa7c59c069fbc"},"master_pipeline_name":{"type":"string","defaultValue":"Workday00_Master_Pipeline"},"job_id":{"type":"string","defaultValue":"1"},"source_system_id":{"type":"string","defaultValue":"1"}},"folder":{"name":"Workday"},"annotations":[],"lastPublishTime":"2022-05-18T09:50:04Z"},"dependsOn":["[concat(variables('factoryId'), '/datasets/SQL_DB')]","[concat(variables('factoryId'), '/datasets/Workday_Blob_Param1')]","[concat(variables('factoryId'), '/datasets/ADLS_Param_2')]"]},{"name":"[concat(parameters('factoryName'), '/SQL_DB')]","type":"Microsoft.DataFactory/factories/datasets","apiVersion":"2018-06-01","properties":{"linkedServiceName":{"referenceName":"[parameters('AzureSQLDB_ConfigAudit')]","type":"LinkedServiceReference"},"folder":{"name":"SQL-AuditConfig"},"annotations":[],"type":"AzureSqlTable","schema":[],"typeProperties":{}},"dependsOn":[]},{"name":"[concat(parameters('factoryName'), '/Workday_Blob_Param1')]","type":"Microsoft.DataFactory/factories/datasets","apiVersion":"2018-06-01","properties":{"linkedServiceName":{"referenceName":"[parameters('AzureBlobStorage')]","type":"LinkedServiceReference"},"parameters":{"container":{"type":"string"},"file_directory":{"type":"string"},"file_name":{"type":"string"}},"folder":{"name":"Blob"},"annotations":[],"type":"Binary","typeProperties":{"location":{"type":"AzureBlobStorageLocation","fileName":{"value":"@dataset().file_name","type":"Expression"},"folderPath":{"value":"@dataset().file_directory","type":"Expression"},"container":{"value":"@dataset().container","type":"Expression"}}}},"dependsOn":[]},{"name":"[concat(parameters('factoryName'), '/ADLS_Param_2')]","type":"Microsoft.DataFactory/factories/datasets","apiVersion":"2018-06-01","properties":{"linkedServiceName":{"referenceName":"[parameters('AzureDataLakeStorage')]","type":"LinkedServiceReference"},"parameters":{"file_directory":{"type":"string"},"file_name":{"type":"string"},"file_path":{"type":"string"},"container":{"type":"string"}},"folder":{"name":"ADLS"},"annotations":[],"type":"Binary","typeProperties":{"location":{"type":"AzureBlobFSLocation","fileName":{"value":"@dataset().file_name","type":"Expression"},"folderPath":{"value":"@concat(dataset().file_directory,dataset().file_path)","type":"Expression"},"fileSystem":{"value":"@dataset().container","type":"Expression"}}}},"dependsOn":[]}]}