{"$schema":"http://schema.management.azure.com/schemas/2015-01-01/deploymentTemplate.json#","contentVersion":"1.0.0.0","parameters":{"factoryName":{"type":"string","metadata":"Data Factory name"},"AzureSQLDB_ConfigAudit":{"type":"string"},"AzureDataLakeStorage":{"type":"string"}},"variables":{"factoryId":"[concat('Microsoft.DataFactory/factories/', parameters('factoryName'))]"},"resources":[{"name":"[concat(parameters('factoryName'), '/Workday03_Raw_to_Curated')]","type":"Microsoft.DataFactory/factories/pipelines","apiVersion":"2018-06-01","properties":{"activities":[{"name":"Iterate Files","type":"ForEach","dependsOn":[{"activity":"Get Valid File Name","dependencyConditions":["Succeeded"]}],"userProperties":[],"typeProperties":{"items":{"value":"@activity('Get Valid File Name').output.value","type":"Expression"},"isSequential":true,"activities":[{"name":"Copy File from raw to curated","type":"Copy","dependsOn":[],"policy":{"timeout":"7.00:00:00","retry":0,"retryIntervalInSeconds":30,"secureOutput":false,"secureInput":false},"userProperties":[],"typeProperties":{"source":{"type":"BinarySource","storeSettings":{"type":"AzureBlobFSReadSettings","recursive":true},"formatSettings":{"type":"BinaryReadSettings"}},"sink":{"type":"BinarySink","storeSettings":{"type":"AzureBlobFSWriteSettings"}},"enableStaging":false},"inputs":[{"referenceName":"ADLS_Param_2","type":"DatasetReference","parameters":{"file_directory":{"value":"@item().raw_curated_path","type":"Expression"},"file_name":{"value":"@item().file_name","type":"Expression"},"file_path":{"value":"/@{formatDateTime(utcnow(),'yyyy')}/@{formatDateTime(utcnow(),'yyyy')}@{formatDateTime(utcnow(),'MM')}@{formatDateTime(utcnow(),'dd')}","type":"Expression"},"container":"raw"}}],"outputs":[{"referenceName":"ADLS_Param_2","type":"DatasetReference","parameters":{"file_directory":{"value":"@item().raw_curated_path","type":"Expression"},"file_name":{"value":"@item().file_name","type":"Expression"},"file_path":{"value":"/@{formatDateTime(utcnow(),'yyyy')}/@{formatDateTime(utcnow(),'yyyy')}@{formatDateTime(utcnow(),'MM')}@{formatDateTime(utcnow(),'dd')}","type":"Expression"},"container":"curated"}}]},{"name":"Update file processed status","type":"SqlServerStoredProcedure","dependsOn":[{"activity":"Copy File from raw to curated","dependencyConditions":["Succeeded"]}],"policy":{"timeout":"7.00:00:00","retry":0,"retryIntervalInSeconds":30,"secureOutput":false,"secureInput":false},"userProperties":[],"typeProperties":{"storedProcedureName":"[[audit].[s_update_file_status]","storedProcedureParameters":{"file_name":{"value":{"value":"@item().file_name","type":"Expression"},"type":"String"},"inner_pipeline_name":{"value":{"value":"@pipeline().Pipeline","type":"Expression"},"type":"String"},"is_valid":{"value":{"value":"@item().is_valid","type":"Expression"},"type":"String"},"job_id":{"value":{"value":"@pipeline().parameters.job_id","type":"Expression"},"type":"Int32"},"run_id":{"value":{"value":"@pipeline().parameters.master_pipeline_run_id","type":"Expression"},"type":"String"},"source_system_id":{"value":{"value":"@pipeline().parameters.source_system_id","type":"Expression"},"type":"Int32"},"status":{"value":{"value":"@activity('Copy File from raw to curated').output.executionDetails[0].status","type":"Expression"},"type":"String"},"update_datetime":{"value":{"value":"@utcnow()","type":"Expression"},"type":"DateTime"},"error_message":{"value":"","type":"String"},"stage_count":{"value":"0","type":"Int32"},"curated_count":{"value":"0","type":"Int32"},"file_path":{"value":"","type":"String"}}},"linkedServiceName":{"referenceName":"[parameters('AzureSQLDB_ConfigAudit')]","type":"LinkedServiceReference"}},{"name":"Capture Error","type":"SqlServerStoredProcedure","dependsOn":[{"activity":"Copy File from raw to curated","dependencyConditions":["Failed"]}],"policy":{"timeout":"7.00:00:00","retry":0,"retryIntervalInSeconds":30,"secureOutput":false,"secureInput":false},"userProperties":[],"typeProperties":{"storedProcedureName":"[[exception].[s_load_job_error]","storedProcedureParameters":{"error_message":{"value":{"value":"@activity('Copy File from raw to curated').error.message","type":"Expression"},"type":"String"},"execution_status":{"value":{"value":"@activity('Copy File from raw to curated').output.executionDetails[0].status","type":"Expression"},"type":"String"},"file_name":{"value":{"value":"@item().file_name","type":"Expression"},"type":"String"},"file_path":{"value":{"value":"@item().file_path","type":"Expression"},"type":"String"},"inner_pipeline_name":{"value":{"value":"@pipeline().Pipeline","type":"Expression"},"type":"String"},"job_id":{"value":{"value":"@pipeline().parameters.job_id","type":"Expression"},"type":"Int32"},"pipeline_name":{"value":{"value":"@pipeline().parameters.master_pipeline_name","type":"Expression"},"type":"String"},"run_id":{"value":{"value":"@pipeline().parameters.master_pipeline_run_id","type":"Expression"},"type":"String"},"source_system_id":{"value":{"value":"@pipeline().parameters.source_system_id","type":"Expression"},"type":"Int32"},"sp_name":{"value":"","type":"String"},"update_datetime":{"value":{"value":"@utcnow()","type":"Expression"},"type":"Datetime"}}},"linkedServiceName":{"referenceName":"[parameters('AzureSQLDB_ConfigAudit')]","type":"LinkedServiceReference"}}]}},{"name":"Job Started","type":"SqlServerStoredProcedure","dependsOn":[],"policy":{"timeout":"7.00:00:00","retry":0,"retryIntervalInSeconds":30,"secureOutput":false,"secureInput":false},"userProperties":[],"typeProperties":{"storedProcedureName":"[[audit].[s_insert_job_details]","storedProcedureParameters":{"execution_status":{"value":"Started","type":"String"},"inner_pipeline_name":{"value":{"value":"@pipeline().Pipeline","type":"Expression"},"type":"String"},"job_id":{"value":{"value":"@pipeline().parameters.job_id","type":"Expression"},"type":"Int32"},"pipeline_name":{"value":{"value":"@pipeline().parameters.master_pipeline_name","type":"Expression"},"type":"String"},"run_id":{"value":{"value":"@pipeline().parameters.master_pipeline_run_id","type":"Expression"},"type":"String"},"trigger_time":{"value":{"value":"@pipeline().TriggerTime","type":"Expression"},"type":"String"}}},"linkedServiceName":{"referenceName":"[parameters('AzureSQLDB_ConfigAudit')]","type":"LinkedServiceReference"}},{"name":"Success","type":"SqlServerStoredProcedure","dependsOn":[{"activity":"Iterate Files","dependencyConditions":["Succeeded"]}],"policy":{"timeout":"7.00:00:00","retry":0,"retryIntervalInSeconds":30,"secureOutput":false,"secureInput":false},"userProperties":[],"typeProperties":{"storedProcedureName":"[[audit].[s_update_job_details]","storedProcedureParameters":{"execution_status":{"value":"Succeeded","type":"String"},"inner_pipeline_name":{"value":{"value":"@pipeline().Pipeline","type":"Expression"},"type":"String"},"job_id":{"value":{"value":"@pipeline().parameters.job_id","type":"Expression"},"type":"Int32"},"pipeline_name":{"value":{"value":"@pipeline().parameters.master_pipeline_name","type":"Expression"},"type":"String"},"run_id":{"value":{"value":"@pipeline().parameters.master_pipeline_run_id","type":"Expression"},"type":"String"}}},"linkedServiceName":{"referenceName":"[parameters('AzureSQLDB_ConfigAudit')]","type":"LinkedServiceReference"}},{"name":"Get Valid File Name","type":"Lookup","dependsOn":[{"activity":"Job Started","dependencyConditions":["Succeeded"]}],"policy":{"timeout":"7.00:00:00","retry":0,"retryIntervalInSeconds":30,"secureOutput":false,"secureInput":false},"userProperties":[],"typeProperties":{"source":{"type":"AzureSqlSource","sqlReaderQuery":{"value":"SELECT FR.source_system_id,  PS.file_name, PS.file_path,FR.landing_path, raw_curated_path, PS.is_valid\nFROM [metadata].[t_file_table_register] FR LEFT JOIN\n(SELECT file_name,SUBSTRING(file_name,18,PATINDEX('%-%',SUBSTRING(file_name,18,LEN(file_name)))-1) as title_file_name,landing_status,file_path,is_valid FROM [audit].[t_file_logs] WHERE\nrun_id = '@{pipeline().parameters.master_pipeline_run_id}' and raw_status ='Succeeded'  ) PS  ON \nPS.title_file_name = FR.source_file_name \nWHERE active_flag = 1 \nand FR.source_file_name <>''\nand load_type = 'S'","type":"Expression"},"queryTimeout":"02:00:00","partitionOption":"None"},"dataset":{"referenceName":"SQL_DB","type":"DatasetReference","parameters":{}},"firstRowOnly":false}}],"policy":{"elapsedTimeMetric":{},"cancelAfter":{}},"parameters":{"master_pipeline_run_id":{"type":"string","defaultValue":"c7cf1a2f-c81d-42db-bce0-0aa7c59c069fbc"},"master_pipeline_name":{"type":"string","defaultValue":"Workday00_Master_Pipeline"},"job_id":{"type":"string","defaultValue":"1"},"source_system_id":{"type":"string","defaultValue":"1"}},"variables":{"error_message":{"type":"String"}},"folder":{"name":"Workday"},"annotations":[],"lastPublishTime":"2022-05-18T09:50:04Z"},"dependsOn":["[concat(variables('factoryId'), '/datasets/SQL_DB')]","[concat(variables('factoryId'), '/datasets/ADLS_Param_2')]"]},{"name":"[concat(parameters('factoryName'), '/SQL_DB')]","type":"Microsoft.DataFactory/factories/datasets","apiVersion":"2018-06-01","properties":{"linkedServiceName":{"referenceName":"[parameters('AzureSQLDB_ConfigAudit')]","type":"LinkedServiceReference"},"folder":{"name":"SQL-AuditConfig"},"annotations":[],"type":"AzureSqlTable","schema":[],"typeProperties":{}},"dependsOn":[]},{"name":"[concat(parameters('factoryName'), '/ADLS_Param_2')]","type":"Microsoft.DataFactory/factories/datasets","apiVersion":"2018-06-01","properties":{"linkedServiceName":{"referenceName":"[parameters('AzureDataLakeStorage')]","type":"LinkedServiceReference"},"parameters":{"file_directory":{"type":"string"},"file_name":{"type":"string"},"file_path":{"type":"string"},"container":{"type":"string"}},"folder":{"name":"ADLS"},"annotations":[],"type":"Binary","typeProperties":{"location":{"type":"AzureBlobFSLocation","fileName":{"value":"@dataset().file_name","type":"Expression"},"folderPath":{"value":"@concat(dataset().file_directory,dataset().file_path)","type":"Expression"},"fileSystem":{"value":"@dataset().container","type":"Expression"}}}},"dependsOn":[]}]}