{"$schema":"http://schema.management.azure.com/schemas/2015-01-01/deploymentTemplate.json#","contentVersion":"1.0.0.0","parameters":{"factoryName":{"type":"string","metadata":"Data Factory name"},"AzureSQLDB_ConfigAudit":{"type":"string"},"AzureSynapseDB_AEDW":{"type":"string"}},"variables":{"factoryId":"[concat('Microsoft.DataFactory/factories/', parameters('factoryName'))]"},"resources":[{"name":"[concat(parameters('factoryName'), '/Workday07_Load_Fact')]","type":"Microsoft.DataFactory/factories/pipelines","apiVersion":"2018-06-01","properties":{"activities":[{"name":"Process SPs","type":"ForEach","dependsOn":[{"activity":"Get SP Name","dependencyConditions":["Succeeded"]}],"userProperties":[],"typeProperties":{"items":{"value":"@activity('Get SP Name').output.value","type":"Expression"},"isSequential":false,"activities":[{"name":"Execute SP- Load Facts","type":"Lookup","dependsOn":[],"policy":{"timeout":"7.00:00:00","retry":0,"retryIntervalInSeconds":30,"secureOutput":false,"secureInput":false},"userProperties":[],"typeProperties":{"source":{"type":"SqlDWSource","sqlReaderStoredProcedureName":{"value":"@item().sp_name","type":"Expression"},"storedProcedureParameters":{"batchid":{"type":"Int64","value":{"value":"@item().batchid","type":"Expression"}},"source_system_id":{"type":"Int32","value":{"value":"@pipeline().parameters.source_system_id","type":"Expression"}},"error_message":{"type":"String","value":""}},"queryTimeout":"02:00:00","partitionOption":"None"},"dataset":{"referenceName":"Synapse_DB","type":"DatasetReference","parameters":{}}}},{"name":"Capture Error","type":"SqlServerStoredProcedure","dependsOn":[{"activity":"Execute SP- Load Facts","dependencyConditions":["Failed"]}],"policy":{"timeout":"7.00:00:00","retry":0,"retryIntervalInSeconds":30,"secureOutput":false,"secureInput":false},"userProperties":[],"typeProperties":{"storedProcedureName":"[[exception].[s_load_job_error]","storedProcedureParameters":{"error_message":{"value":{"value":"@activity('Execute SP- Load Facts').output.firstrow.error_message","type":"Expression"},"type":"String"},"execution_status":{"value":"Failed","type":"String"},"file_name":{"value":null,"type":"String"},"file_path":{"value":null,"type":"String"},"inner_pipeline_name":{"value":{"value":"@pipeline().Pipeline","type":"Expression"},"type":"String"},"job_id":{"value":{"value":"@pipeline().parameters.job_id","type":"Expression"},"type":"Int32"},"pipeline_name":{"value":{"value":"@pipeline().parameters.master_pipeline_name","type":"Expression"},"type":"String"},"run_id":{"value":{"value":"@pipeline().parameters.master_pipeline_run_id","type":"Expression"},"type":"String"},"source_system_id":{"value":{"value":"@pipeline().parameters.source_system_id","type":"Expression"},"type":"Int32"},"sp_name":{"value":{"value":"@item().sp_name","type":"Expression"},"type":"String"},"update_datetime":{"value":{"value":"@utcnow()","type":"Expression"},"type":"DateTime"}}},"linkedServiceName":{"referenceName":"[parameters('AzureSQLDB_ConfigAudit')]","type":"LinkedServiceReference"}}]}},{"name":"Job Started","type":"SqlServerStoredProcedure","dependsOn":[],"policy":{"timeout":"7.00:00:00","retry":0,"retryIntervalInSeconds":30,"secureOutput":false,"secureInput":false},"userProperties":[],"typeProperties":{"storedProcedureName":"[[audit].[s_insert_job_details]","storedProcedureParameters":{"execution_status":{"value":"Started","type":"String"},"inner_pipeline_name":{"value":{"value":"@pipeline().Pipeline","type":"Expression"},"type":"String"},"job_id":{"value":{"value":"@pipeline().parameters.job_id","type":"Expression"},"type":"Int32"},"pipeline_name":{"value":{"value":"@pipeline().parameters.master_pipeline_name","type":"Expression"},"type":"String"},"run_id":{"value":{"value":"@pipeline().parameters.master_pipeline_run_id","type":"Expression"},"type":"String"},"trigger_time":{"value":{"value":"@pipeline().TriggerTime","type":"Expression"},"type":"String"}}},"linkedServiceName":{"referenceName":"[parameters('AzureSQLDB_ConfigAudit')]","type":"LinkedServiceReference"}},{"name":"Success","type":"SqlServerStoredProcedure","dependsOn":[{"activity":"Process SPs","dependencyConditions":["Succeeded"]}],"policy":{"timeout":"7.00:00:00","retry":0,"retryIntervalInSeconds":30,"secureOutput":false,"secureInput":false},"userProperties":[],"typeProperties":{"storedProcedureName":"[[audit].[s_update_job_details]","storedProcedureParameters":{"execution_status":{"value":"Succeeded","type":"String"},"inner_pipeline_name":{"value":{"value":"@pipeline().Pipeline","type":"Expression"},"type":"String"},"job_id":{"value":{"value":"@pipeline().parameters.job_id","type":"Expression"},"type":"Int32"},"pipeline_name":{"value":{"value":"@pipeline().parameters.master_pipeline_name","type":"Expression"},"type":"String"},"run_id":{"value":{"value":"@pipeline().parameters.master_pipeline_run_id","type":"Expression"},"type":"String"}}},"linkedServiceName":{"referenceName":"[parameters('AzureSQLDB_ConfigAudit')]","type":"LinkedServiceReference"}},{"name":"Get SP Name","type":"Lookup","dependsOn":[{"activity":"Job Started","dependencyConditions":["Succeeded"]}],"policy":{"timeout":"7.00:00:00","retry":0,"retryIntervalInSeconds":30,"secureOutput":false,"secureInput":false},"userProperties":[],"typeProperties":{"source":{"type":"AzureSqlSource","sqlReaderQuery":{"value":"SELECT  FR.sp_name ,PS.batchid,PS.file_name,PS.file_path FROM [metadata].[t_file_table_register] FR LEFT JOIN\n(SELECT SUBSTRING(file_name,18,PATINDEX('%-%',SUBSTRING(file_name,18,LEN(file_name)))-1) as file_name,batchid,file_path FROM [audit].[t_file_logs] WHERE stage_status='Succeeded' \nand job_id = @{pipeline().parameters.job_id} AND source_system_id = @{pipeline().parameters.source_system_id} AND run_id = '@{pipeline().parameters.master_pipeline_run_id}' \n) PS ON PS.file_name = FR.source_file_name  WHERE FR.table_type = 'F' AND FR.sp_name IS NOT NULL AND FR.source_file_name <>'' ","type":"Expression"},"queryTimeout":"02:00:00","partitionOption":"None"},"dataset":{"referenceName":"SQL_DB","type":"DatasetReference","parameters":{}},"firstRowOnly":false}}],"policy":{"elapsedTimeMetric":{},"cancelAfter":{}},"parameters":{"master_pipeline_run_id":{"type":"string","defaultValue":"c7cf1a2f-c81d-42db-bce0-0aa7c59c069fbc"},"master_pipeline_name":{"type":"string","defaultValue":"Workday00_Master_Pipeline"},"job_id":{"type":"string","defaultValue":"1"},"source_system_id":{"type":"string","defaultValue":"1"}},"variables":{"error_message":{"type":"String"}},"folder":{"name":"Workday"},"annotations":[],"lastPublishTime":"2022-05-18T12:59:23Z"},"dependsOn":["[concat(variables('factoryId'), '/datasets/SQL_DB')]","[concat(variables('factoryId'), '/datasets/Synapse_DB')]"]},{"name":"[concat(parameters('factoryName'), '/SQL_DB')]","type":"Microsoft.DataFactory/factories/datasets","apiVersion":"2018-06-01","properties":{"linkedServiceName":{"referenceName":"[parameters('AzureSQLDB_ConfigAudit')]","type":"LinkedServiceReference"},"folder":{"name":"SQL-AuditConfig"},"annotations":[],"type":"AzureSqlTable","schema":[],"typeProperties":{}},"dependsOn":[]},{"name":"[concat(parameters('factoryName'), '/Synapse_DB')]","type":"Microsoft.DataFactory/factories/datasets","apiVersion":"2018-06-01","properties":{"linkedServiceName":{"referenceName":"[parameters('AzureSynapseDB_AEDW')]","type":"LinkedServiceReference"},"folder":{"name":"SYN-AEDW"},"annotations":[],"type":"AzureSqlDWTable","schema":[{"name":"Custom_List_Value_Name","type":"varchar"},{"name":"Team_Name_CC_Link","type":"varchar"},{"name":"Inactive","type":"varchar"}],"typeProperties":{}},"dependsOn":[]}]}